Domain,#,Project Name,Complexity Level,Real-World Problem,Solution Overview,Key Tech Stack,Scratch-to-Deployment Workflow,Primary Data Source
Finance,1,Credit Card Fraud Detection,Easy,Banks lose billions due to transaction fraud; manual review is impossible.,"Binary classification model (e.g., Logistic Regression or Random Forest) on transaction data to flag suspicious activity in real-time.","Python, Scikit-learn, Pandas, Imbalanced-learn, FastAPI (API), Docker.",Data Acquisition → Feature Engineering → Model Training → Hyperparameter Tuning → API Deployment (FastAPI/Docker) → Simple Health Check Monitoring.,"Kaggle: ""Credit Card Fraud Detection"" dataset (anonymized transactions). Or Kaggle: ""Synthetic Financial Datasets For Fraud Detection (PaySim)""."
Finance,2,Financial Doc Q&A Chatbot (RAG),Easy,Analysts waste hours searching lengthy SEC filings/reports for specific data points.,Basic RAG pipeline to retrieve relevant text chunks from PDFs and generate grounded answers.,"LangChain/LlamaIndex, OpenAI/Mistral (API), ChromaDB, pypdf/unstructured, Streamlit/Gradio.",Data Ingestion → Chunking → Embedding/Indexing (ChromaDB) → Retrieval Pipeline → Streamlit App Deployment (Render/Cloud Run).,"SEC EDGAR Database: Publicly available corporate filings (10-K, 10-Q PDFs)."
Finance,3,Time Series Stock Forecasting,Easy,Traders need short-term predictions for a single stock to make quick buy/sell decisions.,Traditional time series models (ARIMA/Prophet) or simple RNN/LSTM on historical price data to predict next day's closing price.,"Python, Pandas, statsmodels/Prophet, Keras/PyTorch (for deep learning), Matplotlib.",Data Cleaning → Stationarity Testing → Model Fitting → Backtesting → Schedule daily prediction script (Cron job/Airflow).,Yahoo Finance API or Alpha Vantage API: Historical daily stock prices.
Finance,4,Customer Churn Prediction (Banking),Moderate,Identifying high-risk customers is key for retention marketing and targeted campaigns.,Ensemble classification model (XGBoost/LightGBM) to predict customer likelihood of closing their accounts within the next 30/90 days.,"Python, XGBoost, Pandas, Optuna (Hyperparameter Tuning), MLflow (Experiment Tracking).",Data Preprocessing → Feature Selection/Engineering → MLflow Tracking (Model & Metrics) → Model Retraining Script → Batch Prediction Deployment (AWS Batch).,"Kaggle: ""Churn Modelling"" dataset (simulated banking customer data)."
Finance,5,Algorithmic Trading Signal Agent,Moderate,Quants need to test complex trading ideas that combine technical indicators with simple sentiment.,Single-agent system that executes pre-defined trading logic based on market data (tool) and a basic sentiment score (tool).,"LangChain/CrewAI, LLM (e.g., GPT-4o), Custom Tool (for mock trade execution), Alpaca/Polygon (API for data).",Define Agent → Define Tools → Agentic Loop/Flow → Sandbox Backtesting → Deploy as a protected API endpoint (FastAPI/Docker) with rate limits.,Alpaca API or Polygon API: Real-time and historical market data.
Finance,6,Document Entity Extraction (NER),Moderate,"Automating the extraction of key financial figures (Revenue, Net Income) from unstructured text in reports.",Fine-tune a pre-trained transformer model (BERT/RoBERTa) for Named Entity Recognition (NER) on financial domain documents.,"Hugging Face Transformers, PyTorch/TensorFlow, Custom Annotated Dataset, spaCy.",Data Annotation → Fine-Tuning (using HF Trainer) → Model Evaluation (F1 Score) → Model Registry (MLflow/Hugging Face Hub) → Inference API Deployment (SageMaker/Azure ML).,SEC EDGAR Database: Annual Reports (10-K) unstructured text.
Finance,7,LLM Fine-Tuning for Risk Narrative,Advanced,"Generating consistent, high-quality, and legally compliant risk narratives for audit and compliance reports is laborious.","Fine-tune an LLM (e.g., Mistral 7B) on a specialized dataset of high-quality, structured risk disclosure statements.","PyTorch, Hugging Face PEFT/LoRA, Custom Financial Dataset, GPU environment (Colab Pro/Cloud GPU).",Data Curation/Cleaning → LoRA Fine-Tuning → Alignment Testing (Safety & Compliance) → Model Packaging (BentoML) → LLMOps/CI/CD Deployment (Kubeflow/SageMaker).,SEC EDGAR Database: Risk Factors sections from 10-K/10-Q filings.
Finance,8,Multi-Agent Due Diligence System,Advanced,"M&A due diligence requires synthesizing legal, financial, and market data across multiple expert domains.","LangGraph/CrewAI multi-agent system: Financial, Legal, Market, and Synthesis Agents collaboratively write a final report.","LangGraph/CrewAI, GPT-4/Claude 3, VectorDB (Weaviate), Custom Tools (SEC/News APIs), Langsmith (Tracing).","Define Agent State & Tools → Implement Complex Graph Logic → Tool Integration Testing → LLMOps Tracing (Langsmith) → Deploy as a high-availability, low-latency service (Kubernetes).","Mix of Sources: SEC filings (Financial/Legal), News API (Market/Sentiment), YFinance (Stock Data)."
Finance,9,LLMOps for Compliance RAG,Advanced,Ensure the RAG system used by compliance officers is always up-to-date and accurate against rapidly changing regulations.,"Full LLMOps Pipeline automating data updates, re-indexing, RAG evaluation (Ragas), and deployment.","Kubeflow Pipelines/Airflow (Orchestration), Ragas (Evaluation), DVC (Data Versioning), VectorDB (Qdrant), Prometheus/Grafana (Monitoring).",CI/CD Pipeline → Data Versioning (DVC) → Automated CT (Re-indexing) → Evaluation-Gated Deployment (Ragas check) → Drift Monitoring (Evidently AI).,Internal/Proprietary Regulatory Documents (or simulated compliance documents).
Finance,10,Synthetic Data Generation (GAN),Advanced,"Banks need to stress-test risk models against rare, non-existent scenarios without exposing real, sensitive customer data.","Use a Generative Adversarial Network (GAN) or Variational Autoencoder (VAE) to create high-fidelity, statistically similar synthetic transaction/customer data.","PyTorch/TensorFlow, CTGAN/TGAN (Libraries), Pandas (Data Prep).","Data Anonymization → Model Training (GAN) → Statistical Validation (K-S Test, T-Test) → Secure Deployment (Internal Data Service) → Data Quality Monitoring.","Kaggle: ""Credit Card Fraud Detection"" or ""PaySim"" (Used as training data for GAN)."
Healthcare,11,Heart Disease Prediction,Easy,"Quick, initial risk assessment of patients based on structured health metrics.","Classification model (e.g., Logistic Regression or SVM) on patient vitals and demographic data.","Scikit-learn, Pandas, Matplotlib.",Data Cleaning → Model Training → Web App Deployment (Streamlit).,"UCI Machine Learning Repository: ""Heart Disease"" dataset."
Healthcare,12,Pneumonia Detection (CNN),Easy,Automating the initial screening of chest X-rays to assist overwhelmed radiologists.,"Simple CNN model (e.g., LeNet/VGG) for image classification (Pneumonia/Normal).","Keras/TensorFlow, OpenCV, Kaggle/NIH Chest X-Ray Dataset.",Data Augmentation → Model Training → Inference API Deployment (FastAPI).,NIH Chest X-ray Dataset (via Kaggle/NIH download site).
Healthcare,13,Drug Review Sentiment Analysis,Easy,Pharmaceutical companies need to quickly gauge public perception and potential side effects from user reviews.,NLP classification using TF-IDF and Naive Bayes or pre-trained simple BERT for zero-shot sentiment.,"NLTK/spaCy, Scikit-learn, Hugging Face Transformers.",Data Scraping → Text Preprocessing → Model Training → Dashboard Deployment (Plotly Dash).,"Kaggle: ""Drug Review Dataset (Drugs.com)"" or similar sources."
Healthcare,14,Medical Symptom Triage RAG,Moderate,"Patients or clinic staff need immediate, grounded information from established medical protocols/knowledge bases.","RAG system over authoritative medical texts to provide non-diagnostic, informational responses based on symptoms.","LangChain/LlamaIndex, Cohere/GPT-4, Weaviate (VectorDB).",Data Indexing → Retrieval → Answer Generation (Groundedness Check) → Deployment as a clinical API/Chatbot.,Pubmed Central Open Access Subset (free biomedical literature).
Healthcare,15,Tumor Segmentation (U-Net),Moderate,Precise delineation of tumors or organs in medical scans is essential for radiation planning and diagnosis.,"Deep learning U-Net architecture for semantic segmentation of images (e.g., brain MRI).","PyTorch, monai (Medical Open Network for AI), Custom Annotated Dataset.",Image Preprocessing → Model Training → Model Serialization → Integration into PACS viewer via API.,Medical Segmentation Decathlon (MSD) or BraTS datasets.
Healthcare,16,EHR Entity Recognition (NER),Moderate,"Extracting structured data (drug names, dosages, procedures) from unstructured doctor's notes for billing/analytics.",Fine-tune a Bio-BERT or similar model for Named Entity Recognition (NER) on clinical notes.,"Hugging Face, Bio-BERT, Custom Annotated Clinical Dataset.",Data Annotation → Fine-Tuning → Evaluation (Precision/Recall) → Inference Pipeline Integration (Cloud Functions).,"MIMIC-III Clinical Database (de-identified, requires credentialing)."
Healthcare,17,Personalized Treatment Agent,Advanced,"Doctors need assistance synthesizing complex patient history, lab results, and latest research into a treatment plan.",Single LLM Agent that accesses EHR Tool (patient data) and Clinical Research RAG Tool to recommend personalized pathways.,"LangChain/CrewAI, GPT-4/Gemini 1.5, Custom Tools (EHR API), Langsmith (Observability).","Agent Definition → Security & Privacy Audit (HIPAA/GDPR) → Tool Connection → LLMOps Tracing → Deployment on a secured, compliant Cloud Environment (e.g., AWS GovCloud).",Simulated EHR Data (synthetic patient data with required fields).
Healthcare,18,Differential Diagnosis Multi-Agent,Advanced,Confirming a complex diagnosis requires combining specialist knowledge from different medical domains.,"LangGraph system with Agents specializing in Imaging, Labs, and History, collaborating to narrow down possible conditions.","LangGraph, Mistral Large, Custom RAG (Medical Journals), Multi-Agent Communication Framework.",Graph Definition (Nodes/Edges) → Agent Collaboration → Consensus Mechanism → Deployment with Strict Latency Monitoring.,Pubmed (for research) + Synthetic/Simulated Patient Case Studies.
Healthcare,19,LLM Fine-Tuning for SOAP Notes,Advanced,"Automating the generation of structured Subjective, Objective, Assessment, and Plan (SOAP) notes from transcribed physician-patient conversations.","Fine-tune an LLM (e.g., Llama 3) for the Text Summarization task to enforce the specific SOAP structure.","PyTorch, Llama 3, LoRA/PEFT, Custom Summary Dataset.",Data Annotation → Fine-Tuning → Structured Output Validation (Pydantic/JSON Schema) → Integration into EMR systems.,"Clinical Note Datasets (e.g., i2b2 challenge data, or simulated transcribed data)."
Healthcare,20,MLOps Pipeline for Readmission Model,Advanced,Maintaining an accurate model to predict patient readmission risk to allocate hospital resources effectively.,"Full MLOps Pipeline for continuous training, deployment, and monitoring of a readmission prediction model.","Kubeflow/Airflow, DVC, MLflow, AWS SageMaker (End-to-End Platform), Evidently AI (Drift).",CI/CD Pipeline → Data/Model Versioning → Automated CT → Model Drift Monitoring → Automated Alerting for Retraining.,"Kaggle: ""Hospital Readmission Prediction"" or MIMIC-III (requires credentialing)."
E-commerce,21,Product Recommendation (CF),Easy,E-commerce platforms need to show relevant products to customers to increase sales.,Basic Collaborative Filtering (User-Item/Item-Item) or Matrix Factorization (SVD) on user-purchase history.,"Surprise (Library), Pandas, NumPy.",Data Preparation → Model Training → Offline Batch Prediction → Result Caching (Redis) → Display.,"UCI Machine Learning Repository: ""Online Retail"" dataset."
E-commerce,22,Inventory Demand Forecasting,Easy,Retailers need to predict product demand to optimize stocking levels and avoid out-of-stock situations.,"Simple Time Series model (e.g., Exponential Smoothing or simple LSTM) on historical sales data.","Pandas, Statsmodels, Keras/PyTorch.",Data Aggregation → Model Training → Scheduled Prediction → Integration into ERP/Inventory System.,"Kaggle: ""Store Item Demand Forecasting Challenge"" or similar sales data."
E-commerce,23,Product Review Sentiment Score,Easy,Quickly assessing customer satisfaction for a product category based on review text.,Basic text classification using VADER or a pre-trained simple BERT model for sentiment scoring.,"NLTK/VADER, Hugging Face.",Data Ingestion → Text Preprocessing → Batch Scoring → Visualization Dashboard (Tableau/PowerBI).,"Kaggle: ""Amazon Product Reviews"" dataset (or similar e-commerce review data)."
E-commerce,24,Image-Based Product Tagging (CNN),Moderate,Automatically assigning descriptive tags/categories to product images for better search and filtering.,Fine-tune a pre-trained ResNet/VGG model (Transfer Learning) for multi-label image classification.,"TensorFlow/PyTorch, Transfer Learning, Custom Labeled Image Dataset.",Data Labeling → Transfer Learning → Model Evaluation (Multi-label F1) → Inference API Deployment.,Amazon Product Data (with images) or Fashion-MNIST/COCO (for starting).
E-commerce,25,Search RAG System,Moderate,"Customers search using complex, conversational language (e.g., ""Show me warm coats for toddlers"").","RAG system over product catalog data (descriptions, specs) to enable semantic and contextual search.","LangChain/LlamaIndex, Cohere/Mistral, Elasticsearch/Pinecone.",Data Indexing → Query Embedding → Hybrid Search (Vector + Keyword) → Integration into Search Bar.,"Simulated/Synthetic Product Catalog (titles, descriptions, specs)."
E-commerce,26,Customer Lifetime Value (CLV),Moderate,Predicting the total revenue a customer will generate for the business over their relationship.,"Regression model (e.g., XGBoost or a probabilistic model like BG/NBD) on customer purchasing patterns.","Pandas, Scikit-learn, lifetimes (library).",Data Aggregation (Cohort) → Feature Engineering → Model Training → Integration into Marketing CRM for targeting.,"UCI Machine Learning Repository: ""Online Retail"" (to derive RFM features)."
E-commerce,27,Dynamic Pricing Agent,Advanced,"Setting optimal prices in real-time based on demand, inventory, and competitor pricing to maximize revenue.",Single LLM Agent that queries Inventory Tool and Competitor Scraper Tool and recommends a price.,"LangChain/CrewAI, LLM (e.g., GPT-4), Custom Tools (for price comparison), Redis (Caching).",Agent Definition → Tool Creation → Real-time Data Feed → A/B Test Deployment (Canary) → Profit/Loss Monitoring.,Public Competitor Pricing Data (via scraping or mock API) + Simulated Inventory/Sales Data.
E-commerce,28,LLM Fine-Tuning for Copywriting,Advanced,"Generating hyper-personalized, high-converting marketing copy for product listings targeted at specific customer segments.","Fine-tune an LLM for conditional text generation, conditioning the output on product features and customer persona.","Hugging Face PEFT/LoRA, Custom Marketing Copy Dataset, Custom Template Logic.",Data Curation (High-Converting Ads) → Fine-Tuning → A/B Testing Framework → Deployment as a Marketing Service API.,Generated/Curated Data of product descriptions (input) and optimized marketing copy (output).
E-commerce,29,Multi-Agent Supply Chain Optimizer,Advanced,"Coordinating demand forecasting, logistics, and warehouse management to minimize holding costs and delays.","LangGraph system with Agents for Demand, Logistics, and Warehouse, communicating to adjust reorder points and shipments.","LangGraph, Custom Simulation Environment, External API Tools (Inventory/Shipping).",Graph Logic → Simulation Testing → Deployment as a Decision Support System (Internal) → KPI Monitoring (Cost & Delay).,"Kaggle: ""Supply Chain Management"" datasets or Simulated Data on orders, inventory, and lead times."
E-commerce,30,MLOps for Recommendation Engine,Advanced,"Maintaining a low-latency, high-performance recommendation system that adapts quickly to new user behavior.",Full MLOps Pipeline for continuous deployment and A/B testing of a collaborative filtering model.,"Kubeflow/Airflow (Orchestration), Feast (Feature Store), Seldon Core/TorchServe (Deployment), DVC.",CI/CD → Feature Store Integration (Feast) → Automated CT → Canary Deployment → Latency/Throughput Monitoring.,Movielens Dataset or Book-Crossing Dataset (simulating user-item interactions).
Agriculture,31,Crop Yield Prediction,Easy,"Farmers need to forecast yield to plan storage, sales, and resource allocation.","Regression model (e.g., Linear Regression, XGBoost) on historical data (weather, soil, fertilizer).","Python, XGBoost, Pandas.",Data Acquisition → Feature Engineering → Model Training → Prediction Web App (Streamlit).,"FAOSTAT (UN Food and Agriculture Org.), NOAA (Weather), or Kaggle ""Crop Yield Prediction"" datasets."
Agriculture,32,Pest/Disease Detection (CNN),Easy,Rapid diagnosis of crop issues from images taken in the field to enable timely treatment.,"Simple CNN model (e.g., MobileNet) for multi-class classification of leaf diseases.","Keras/TensorFlow, Transfer Learning.",Data Augmentation → Model Training → Mobile App Deployment (TFLite/PyTorch Mobile).,Plant Village Dataset (via Kaggle or academic source).
Agriculture,33,Soil Report Summarizer,Easy,"Translating technical soil lab reports into simple, actionable advice for farmers.","Basic Seq2Seq summarization model (e.g., T5/BART) or prompt-engineering on a smaller LLM.","Hugging Face, T5/BART.",Document Parsing → Summarization → Deployment as a simple API endpoint.,"Simulated/Synthetic Soil Sample Reports (technical text as input, plain language as output)."
Agriculture,34,Satellite Imagery Change Detection,Moderate,"Monitoring field health, detecting illegal logging, or assessing damage from natural disasters.","Unsupervised learning (e.g., Autoencoders) or simple image differencing on time-series satellite images (NDVI).","Python, Sentinel/Landsat Data (APIs), Scikit-learn, OpenCV.",Data Acquisition → Image Preprocessing → Model Training → Visualization (GIS integration).,Sentinel Hub API or Google Earth Engine (free access to satellite imagery).
Agriculture,35,Precision Farming RAG System,Moderate,"Providing highly contextual, localized advice based on regional agricultural extension materials and local weather.",RAG system combining local knowledge base with external weather API data for contextual advice.,"LangChain, Open-source LLM (Llama 3), Custom RAG (Local Docs), Weather API.",Data Indexing → API Tool Integration → Retrieval → Chatbot Deployment (Twilio/SMS integration).,Local Agricultural Extension Materials (PDFs) + OpenWeatherMap API.
Agriculture,36,Smart Irrigation Agent,Moderate,Automating irrigation decisions based on real-time soil moisture and weather forecasts to conserve water.,Single LLM Agent that queries Soil Sensor Tool (IoT) and Weather Forecast Tool to generate pump control commands.,"LangChain/CrewAI, Custom Tool (MQTT/IoT data), LLM.",Agent Definition → IoT Data Integration → Tool Connection → Deployment on an Edge Server (Raspberry Pi).,Simulated Soil Moisture Sensor Data + OpenWeatherMap API.
Agriculture,37,Multi-Agent Crop Rotation Planner,Advanced,"Generating optimal, multi-year crop rotation plans considering soil health, market price, and pest resistance.","LangGraph system with Agents for Soil Health, Market Price, and Pest Management, collaborating on a long-term schedule.","LangGraph, Custom Optimization Algorithm (Tool), External Market Data.",Graph Logic → Integration with Optimization Solver (PuLP/Gurobi) → Internal Planning Tool Deployment.,USDA Economic Research Service (Market Data) + NOAA (Climate) + Simulated Soil Data.
Agriculture,38,MLOps for Disease Detection (Edge),Advanced,Ensuring the field disease detection model (Project 32) is continuously updated and deployed reliably to low-power field devices.,Full MLOps Pipeline for over-the-air (OTA) deployment and monitoring of a model on an edge device.,"Kubeflow/Airflow, DVC, TFLite/ONNX (Model Format), Edge/IoT Deployment Platform (e.g., Azure IoT Edge).",CI/CD → Automated CT → Model Conversion (TFLite) → OTA Deployment → Edge Monitoring (Inference Latency).,Plant Village Dataset (Model Training Data).
Agriculture,39,LLM Fine-Tuning for Low-Resource,Advanced,Making agricultural advice accessible by creating an LLM that performs well in a low-resource regional language.,"Fine-tune a multilingual LLM (e.g., BLOOM/mBERT) on a specialized agricultural corpus in the target language.","Hugging Face, PyTorch, Custom Low-Resource Dataset, Cloud GPU.",Data Translation/Curation → LoRA Fine-Tuning → Human Evaluation (Native Speakers) → Deployment via SMS/WhatsApp Gateway.,Translated/Curated Agricultural Texts in the target language (requires manual effort/translation APIs).
Agriculture,40,Generative AI for Land Use Mapping,Advanced,"Generating novel, sustainable land use maps (e.g., recommending buffer strips) based on satellite imagery and topographical data.",Multimodal model integration where CV models process imagery and an LLM Agent synthesizes the final map plan based on sustainability rules.,"PyTorch/TensorFlow (CV), LLM Agent, GIS Tools (Tool), VectorDB (for GIS data).",Multimodal Input Processing → Agent Reasoning on Spatial Data → Output Generation (GeoJSON/Shapefile) → Integration with GIS Software.,Sentinel/Landsat Imagery + USDA/EPA Land Use Maps (as ground truth/context).
Media/Entertainment,41,Movie Recommendation (CF),Easy,Suggesting films to viewers based on their past ratings and the behavior of similar users.,Basic Collaborative Filtering (User-User) or Matrix Factorization on rating data.,"Surprise, Pandas.",Data Preprocessing → Model Training → API Endpoint for Recommendation.,MovieLens Dataset (small or 25M size).
Media/Entertainment,42,Fake News/Hate Speech Detection,Easy,Classifying social media content to maintain platform safety and compliance.,Text classification using TF-IDF and Logistic Regression or a simple RNN/LSTM.,"Scikit-learn, NLTK, Keras/PyTorch.",Data Cleaning → Feature Extraction → Model Training → Real-time API Endpoint.,"Kaggle: ""Fake News"" or ""Hate Speech"" datasets."
Media/Entertainment,43,Simple Image Style Transfer,Easy,Applying the artistic style of one image to the content of another.,Implement a pre-trained VGG network with style and content loss functions.,"PyTorch/TensorFlow, OpenCV.",Image Loading → Loss Function Definition → Iterative Optimization → Output Image Generation.,COCO Dataset (Content Images) and Public Domain Art Images (Style Images).
Media/Entertainment,44,Video Captioning,Moderate,Automatically generating short descriptive captions for video clips to aid search and accessibility.,"Encoder-Decoder architecture (CNN for frames, RNN/LSTM for sequence generation).","Keras/TensorFlow, Custom Video Dataset.",Frame Extraction → Model Training → Inference Service Deployment.,MSVD (Microsoft Video Description) or MSR-VTT datasets.
Media/Entertainment,45,Content Moderation RAG System,Moderate,"Providing moderators with quick, consistent interpretations of complex platform policies.",RAG system over official policy documents and past moderation decisions (case law).,"LangChain, Pinecone/Weaviate, Legal/Policy Docs.",Policy Indexing → Retrieval → Grounding Check → Internal Tool Integration.,"Simulated/Curated Policy Documents (Terms of Service, Community Guidelines)."
Media/Entertainment,46,Deepfake/Manipulated Image Detection,Moderate,Identifying synthetic or manipulated media to combat misinformation.,"CNN or Vision Transformer trained on a dataset containing both real and manipulated media, focusing on specific artifacts.","PyTorch, Custom Dataset (e.g., FaceForensics++).",Data Augmentation → Model Training → API Deployment with Low Latency.,FaceForensics++ dataset (publicly available for research).
Media/Entertainment,47,AI Editorial Assistant Agent,Advanced,"Automating the multi-stage review process (fact-checking, tone check, editing) for news articles.","LangGraph system with Agents for Fact-Checking (Tool), Tone Analysis (LLM), and Copyediting (LLM), running sequentially.","LangGraph, GPT-4/Claude 3, Custom Tools (Google Search/Fact Check API), Langsmith.","Graph Logic → Agent Collaboration → Integration with CMS (e.g., Wordpress API) → Tracing/Audit Logging.",News Articles (Input) + Google Search API (Fact Check Tool).
Media/Entertainment,48,LLM Fine-Tuning for Scriptwriting,Advanced,"Generating high-quality, genre-specific scripts (e.g., dialogue for a specific character voice).","Fine-tune an LLM (e.g., Llama 3) for conditional text generation, using character/genre as context.","Hugging Face PEFT/LoRA, Custom Dialogue/Script Dataset.",Data Curation → Fine-Tuning → Human Creativity Evaluation → Deployment as a studio's internal writing tool.,Cornell Movie-Dialogs Corpus or Hugging Face Scriptwriting Datasets.
Media/Entertainment,49,MLOps for Real-time Content Summary,Advanced,Ensuring that every new video/article is summarized and titled quickly for SEO and recommendation features.,Full MLOps Pipeline for continuous deployment of a low-latency text summarization model.,"Airflow (Orchestration), DVC, MLflow, TorchServe/Triton (Serving), Evidently AI.",CI/CD → Automated CT → Low-Latency Deployment → Performance and Latency Monitoring → Integration into Content Pipeline.,CNN/Daily Mail Summarization Dataset or similar news articles.
Media/Entertainment,50,Multimodal Agent for Ad Creation,Advanced,Generating full ad packages (text copy + suggested imagery) tailored for a specific audience.,Multimodal LLM Agent that takes audience persona (text) and generates copy (text) and a DALL-E/Midjourney prompt (text output used as tool input) for the image.,"GPT-4o/Gemini 1.5 Pro, Tool-Calling (Image Generation API), Custom Ad Library (RAG).",Agent Definition → Tool Orchestration → Creative A/B Testing → Deployment as a Marketing Service.,Simulated Audience Persona Data + Internal Ad Copy/Image History (for RAG).
Cybersecurity,51,Spam Email Classification,Easy,Filtering unwanted or malicious emails from user inboxes.,Simple text classification using TF-IDF and Naive Bayes or Logistic Regression.,"Scikit-learn, NLTK, Custom Email Dataset.",Data Cleaning → Feature Extraction → Model Training → Integration as a Pre-filter on the mail server.,"UCI Machine Learning Repository: ""Spambase Dataset"" or Kaggle ""Spam/Ham"" datasets."
Cybersecurity,52,Intrusion Detection System (IDS),Easy,Identifying abnormal network traffic indicative of a cyber attack.,"Classification model (e.g., Decision Tree or Random Forest) on network flow features (e.g., duration, protocol).","Scikit-learn, KDD Cup/NSL-KDD Dataset.",Data Preprocessing → Feature Importance → Model Training → Alert Generation on network monitoring tool.,KDD Cup 1999 or NSL-KDD datasets.
Cybersecurity,53,Malicious URL Detection,Easy,"Preventing users from accessing phishing, malware, or spam websites.","NLP classification on URL string features (length, entropy, TLD) using Logistic Regression.","Python, Custom URL Dataset.",Data Cleaning → Feature Engineering → Model Training → Browser Extension/Gateway Filter Deployment.,"UCI ML Repository: ""Malicious URLs"" or Kaggle ""URL Classification"" datasets."
Cybersecurity,54,Log Anomaly Detection,Moderate,"Detecting subtle, non-signature-based threats and failures in vast system logs.","Unsupervised learning (Autoencoders or Isolation Forest) to model ""normal"" log patterns and flag deviations.","Keras/TensorFlow, Isolation Forest, ELK Stack (Data Source).",Log Preprocessing → Autoencoder Training → Threshold Tuning → Integration with SIEM system for alerting.,LogHub (A collection of public log datasets) or Simulated Server Logs.
Cybersecurity,55,Threat Intelligence RAG System,Moderate,Security analysts need quick answers on specific vulnerabilities from constantly updating threat feeds/CVE databases.,"RAG system over threat intelligence feeds, CVE databases, and security best practices documents.","LangChain, Pinecone/Qdrant, CISA/CVE Data Feeds.",Data Indexing (Continuous Feed) → Retrieval → Analyst Dashboard Integration.,NIST National Vulnerability Database (NVD) or MITRE ATT&CK Framework docs.
Cybersecurity,56,Phishing Email Analysis Agent,Moderate,Automating the triage and analysis of suspicious emails reported by employees.,"Single LLM Agent that performs checks (Tool: URL scanner, Text: sentiment/intent) and summarizes the threat level.","LangChain/CrewAI, Custom Tool (Sandbox Scanner), LLM.",Agent Definition → Tool Integration → Deployment as a Slack/Email Triage Bot.,"Public Phishing Corpus (e.g., PhishTank API, or simulated email examples)."
Cybersecurity,57,Multi-Agent Threat Hunting System,Advanced,"Coordinated, proactive search for advanced persistent threats (APTs) across network, endpoint, and threat intelligence feeds.","LangGraph system with Agents for Network, Endpoint, and Threat Intel, collaborating to confirm a threat hypothesis.","LangGraph, GPT-4, Custom Tools (SIEM/EDR API), Langsmith.",Graph Logic → Agent Communication Protocol → Deployment in SOC environment → Audit Trail Generation.,"Simulated/Synthetic Network Flow Data (e.g., from an internal lab environment)."
Cybersecurity,58,MLOps for Malware Detection,Advanced,"Continuously updating and deploying the model used to classify new or obfuscated malware samples (e.g., using code/bytecode analysis).",Full MLOps Pipeline for retraining and deploying a model that analyzes file metadata/bytecode features.,"Kubeflow, DVC, MLflow, Triton Inference Server (Serving).",CI/CD → Data Versioning (New Samples) → Automated CT → A/B Testing (Old vs New Model) → Real-time File Scanner Integration.,"Malware Sample Repositories (e.g., VirusShare, or custom collected binaries)."
Cybersecurity,59,LLM Fine-Tuning for Policy Generation,Advanced,"Automating the generation of consistent, technically accurate security policies and rules (e.g., firewall rules) from high-level goals.","Fine-tune an LLM (e.g., Code Llama) on a dataset of high-quality, structured security policy documents and configurations.","Hugging Face PEFT/LoRA, Code Llama, Custom Policy Dataset.",Data Curation → Fine-Tuning → Schema Validation (Pydantic) → Integration with Configuration Management (Ansible/Terraform).,Curated/Annotated Security Best Practices and Firewall/Cloud Config Files (as input/output pairs).
Cybersecurity,60,Synthetic Network Data Generation,Advanced,"Creating realistic, labeled synthetic network traffic for training IDS/anomaly models without using sensitive production data.",Use GANs or specialized data synthesizers to generate high-fidelity network flow records.,"PyTorch/TensorFlow, GAN/VAE for tabular data, Custom Data Synthesizer.",Data Modeling → GAN Training → Statistical Validation → Internal Data Science Platform Deployment.,KDD Cup 1999/NSL-KDD (Used as training data for the GAN).
HR/Talent,61,Employee Attrition Prediction,Easy,Identifying employees at high risk of leaving the company to enable proactive retention efforts.,"Binary classification model (e.g., Logistic Regression or Random Forest) on HR data (salary, job role, tenure).","Scikit-learn, Pandas.",Data Cleaning → Feature Importance → Model Training → Internal Reporting Dashboard (Tableau).,"Kaggle: ""IBM HR Analytics Employee Attrition & Performance"" dataset."
HR/Talent,62,Resume Keyword Matching,Easy,Quickly ranking resumes based on relevance to a specific job description.,NLP using TF-IDF and Cosine Similarity to match skills/keywords.,"Scikit-learn, NLTK, spaCy.",Text Preprocessing → Vectorization → Similarity Scoring → Integration into ATS (Applicant Tracking System).,"Kaggle: ""Resume/CV Text and Job Description"" datasets."
HR/Talent,63,Salary Prediction,Easy,Benchmarking new employee salaries or checking internal pay equity based on role and experience.,"Regression model (e.g., Linear Regression, XGBoost) on historical salary and job data.","XGBoost, Pandas.",Data Cleaning → Feature Engineering → Model Training → Internal Calculator Tool.,"Kaggle: ""Salary Dataset"" or UCI ML Repository: ""Census Income"" (with salary proxy)."
HR/Talent,64,Employee Survey Topic Modeling,Moderate,Discovering underlying themes and concerns in open-ended employee feedback for organizational improvement.,Unsupervised learning (LDA or NMF) to identify and cluster key topics.,"Gensim, Scikit-learn.",Text Cleaning → Topic Modeling → Visualization of Topics over time.,Simulated/Synthetic Employee Feedback Survey comments.
HR/Talent,65,HR Policy Q&A System (RAG),Moderate,"Providing instant, consistent answers to employee questions about benefits, leave, and company policies.",RAG system over the employee handbook and company policy documents.,"LangChain, Open-source LLM, ChromaDB/Pinecone.",Data Indexing → Retrieval → Deployment as a Slack/Teams Bot.,Simulated/Public Employee Handbooks and company policies (PDFs/DOCX).
HR/Talent,66,Interview Transcription & Analysis,Moderate,"Analyzing transcribed interview text for behavioral cues, sentiment, and consistent question coverage.",Integration of Speech-to-Text API with a sentiment analysis and NER model.,"Google Speech API/Whisper, NLTK/spaCy.",Transcription → NLP Analysis → Structured Report Generation.,Simulated/Pre-Transcribed Interview Dialogue.
HR/Talent,67,Candidate Screening Agent,Advanced,Automating the initial evaluation and scoring of a candidate's fit against a job description and company values.,Single LLM Agent that uses Resume RAG Tool (extract skills) and Value RAG Tool (match culture) to output a score.,"LangChain/CrewAI, GPT-4, Custom RAG Tools, Pydantic (Structured Output).",Agent Definition → Tool Creation → Structured Output Enforcement → Integration with ATS.,Resume Datasets (Input) + Job Descriptions (Context).
HR/Talent,68,Multi-Agent Performance Review Writer,Advanced,"Collaboratively drafting a fair and comprehensive performance review by integrating manager, peer, and goal data.","LangGraph system with Agents for Goal Assessment, Peer Feedback Synthesis, and Narrative Writing.","LangGraph, Custom Data Connectors (HRIS/Goal Trackers), LLM.",Graph Logic → Data Synthesis → Review Draft Generation → Manager Review & Edit Loop.,Simulated Employee Goal Data + Simulated Peer Review Text.
HR/Talent,69,LLM Fine-Tuning for Bias Reduction,Advanced,Creating an LLM that can rephrase job descriptions or internal communications to remove biased language.,"Fine-tune an LLM for text rewriting, trained on a dataset of biased text and its debiased counterpart.","Hugging Face PEFT/LoRA, Custom Debiased Dataset.",Data Annotation (Bias Labeling) → Fine-Tuning → Bias Detection Evaluation → Integration as a writing assistant.,Curated/Annotated Job Descriptions (Biased → Debiased pairs).
HR/Talent,70,LLMOps for Bias Monitoring,Advanced,Continuously monitoring the output of the candidate screening and job description generation models for subtle gender/racial bias.,Full LLMOps Pipeline deploying a bias detection model that analyzes the outputs of HR models for drift.,"Kubeflow/Airflow, DVC, Fairlearn (Bias Mitigation), Evidently AI/Fiddler (Monitoring).",CI/CD → Automated Model Output Capture → Bias Metric Calculation → Alerting on Threshold Violation.,Outputs from Projects 67 and 69 (monitored for bias).
Transportation,71,Traffic Sign Classification,Easy,Enabling autonomous driving/driver assistance systems to recognize road signs.,"Simple CNN model on a standardized traffic sign dataset (e.g., GTSRB).",Keras/TensorFlow.,Data Augmentation → Model Training → Deployment to Edge Device (Jetson Nano).,German Traffic Sign Recognition Benchmark (GTSRB) dataset.
Transportation,72,Vehicle License Plate Recognition,Easy,"Automating toll collection, parking, or tracking stolen vehicles.",Image processing (OpenCV) combined with OCR (Tesseract) for character extraction.,"OpenCV, Tesseract.",Image Preprocessing → Plate Detection → OCR Extraction → Database Lookup.,"License Plate Datasets (e.g., AOLP or similar public image sets)."
Transportation,73,Predictive Maintenance,Easy,"Forecasting component failures in a fleet (e.g., bus, train) to schedule maintenance and reduce downtime.","Classification/Regression model on vehicle sensor data (temperature, vibration, mileage).","Scikit-learn, Pandas.",Sensor Data Cleaning → Model Training → Alerting System (SMS/Email).,"NASA Turbofan Engine Degradation Simulation Data or Kaggle ""Predictive Maintenance"" datasets."
Transportation,74,Optimized Delivery Route Planner,Moderate,"Finding the most efficient route for multiple stops, considering travel time and capacity.","Implementation of classic algorithms (A*, Simulated Annealing) or a simple Reinforcement Learning (RL) approach.","Python, Custom Graph Data Structure, OR-Tools (Google).",Graph Modeling → Optimization Algorithm → API Endpoint for Route Generation.,Custom Map Data (Nodes/Edges) + Simulated Delivery Stops.
Transportation,75,Logistics Regulation RAG System,Moderate,"Providing immediate, consistent answers to questions about international shipping, customs, and vehicle safety regulations.","RAG system over complex, multi-jurisdictional logistics and customs documentation.","LangChain, Open-source LLM, Weaviate (VectorDB).",Document Indexing → Retrieval → Integration into Dispatch Software.,Public Customs Websites (for regulatory text) + Simulated Shipping Manifests.
Transportation,76,Demand Forecasting for Ride-Share,Moderate,Predicting the number of ride requests in different city zones to position drivers efficiently.,Time Series deep learning model (LSTM/GRU) on historical trip data aggregated by location and time.,"Keras/PyTorch, Pandas, Geo-Spatial Libraries.",Data Aggregation → Model Training → Real-time Prediction Service.,"TLC Trip Record Data (NYC Taxi data, large scale) or Kaggle ride-share data."
Transportation,77,Incident Response Agent,Advanced,Automating the initial response to traffic accidents or logistics disruptions by coordinating resources.,Single LLM Agent that queries GPS/Traffic Tool and Resource Management Tool to dispatch emergency services or reroute drivers.,"LangChain/CrewAI, LLM, Custom Tools (Map/Traffic API, Dispatch System).",Agent Definition → Tool Orchestration → Deployment as a 24/7 Monitor.,Waze/Google Maps API (Traffic Data) + Simulated Incident Locations.
Transportation,78,Multi-Agent Airport Ground Scheduler,Advanced,"Coordinating complex, interdependent ground operations (baggage, fueling, pushback) to minimize aircraft turnaround time.","LangGraph system with Agents for Fueling, Baggage, and Gate Assignment, optimizing a dynamic schedule.","LangGraph, Custom Discrete Event Simulation (Tool), Optimization Solver (Tool).",Graph Logic → Simulation Testing → Integration with Airport Operation Database.,A-SITOP Dataset (Airport Surface Trajectories) or Simulated Airport Operation Data.
Transportation,79,LLM Fine-Tuning for Manifest Validation,Advanced,"Automatically checking commercial shipping manifests against complex, country-specific import/export laws.","Fine-tune an LLM for classification/validation, trained on manifests and their regulatory compliance status.","Hugging Face PEFT/LoRA, Custom Compliance Dataset.",Data Curation → Fine-Tuning → Pydantic Validation → Integration into Customs Software.,Curated Shipping Manifests (Input) and Compliance Status/Explanation (Output).
Transportation,80,MLOps for Autonomous Sensor Fusion,Advanced,"Managing the deployment and monitoring of the complex deep learning model that fuses LiDAR, camera, and radar data in autonomous vehicles.",Full MLOps Pipeline for continuous delivery and safety monitoring of a mission-critical model.,"Kubeflow/Airflow, DVC, C++ Framework (e.g., ROS) (Serving), Safety-Critical Testing Frameworks.",CI/CD → Safety Metrics Check → Over-the-Air Update → Real-time Performance/Safety Monitoring.,KITTI Vision Benchmark Suite or Baidu ApolloScape Dataset (LiDAR/Camera data).
Environmental,81,Air Quality Prediction,Easy,Forecasting PM2.5​ or ozone levels to inform public health advisories.,"Regression model (e.g., Linear Regression, XGBoost) on historical pollution and meteorological data.","Scikit-learn, Pandas, OpenAQ Data.",Data Cleaning → Feature Engineering → Model Training → Public API Endpoint.,OpenAQ API or EPA Air Quality System (AQS) data.
Environmental,82,Wildlife Image Classification,Easy,Automatically classifying animals from camera trap images for ecological surveys.,Simple CNN model or Transfer Learning from a pre-trained image model.,"Keras/TensorFlow, Custom Labeled Image Dataset.",Data Augmentation → Model Training → Deployment on a low-power edge device.,Snapshot Serengeti or iNaturalist datasets.
Environmental,83,Climate Change Topic Modeling,Easy,Analyzing public discourse and media coverage on environmental issues.,Unsupervised learning (LDA or NMF) on news articles or social media posts.,"Gensim, NLTK.",Text Preprocessing → Topic Modeling → Visualization of Trends over time.,Climate Change News/Twitter Datasets (via Kaggle or custom scraping).
Environmental,84,Deforestation Detection,Moderate,Monitoring forest cover loss due to logging or fires using satellite imagery.,Image segmentation or pixel-wise classification on time-series Sentinel/Landsat data (NDVI).,"PyTorch, Custom Labeled Satellite Data.",Image Differencing → Classification → Visualization in GIS tool.,Sentinel Hub API or Google Earth Engine (Amazon Deforestation data layer).
Environmental,85,Environmental Impact RAG,Moderate,"Providing instant, grounded answers on specific environmental regulations (e.g., EPA standards) for compliance officers.",RAG system over official environmental standards and policy documents.,"LangChain, Open-source LLM, ChromaDB/Qdrant.",Document Indexing → Retrieval → Internal Compliance Tool Integration.,EPA Regulatory Documents (publicly available PDFs).
Environmental,86,Optimal Sensor Placement (RL),Moderate,Determining the most effective locations to place water or air quality sensors to maximize monitoring coverage.,"Simple Reinforcement Learning agent (e.g., Q-learning) trained in a simulated environment to find optimal placement.","Python, OpenAI Gym (or custom environment), Keras/PyTorch.",Simulation Environment Setup → RL Training → Optimal Coordinate Output.,Simulated Area Map (as the environment) and Historical Air Quality Data (for reward calculation).
Environmental,87,Pollution Source Tracker Agent,Advanced,"Identifying the source of a pollution spike by synthesizing real-time sensor data, weather, and topographical information.",Single LLM Agent that queries Sensor Tool and Map Tool to hypothesize the source based on flow patterns.,"LangChain/CrewAI, LLM, Custom Tools (Geographic/Sensor Data).",Agent Definition → Tool Integration → Causal Reasoning → Alerting Environmental Agencies.,OpenAQ API (Sensor Data) + NOAA Weather Data (Wind/Airflow).
Environmental,88,Multi-Agent Disaster Response Planner,Advanced,"Coordinating resource allocation, evacuation routes, and damage assessment during a flood or earthquake.","LangGraph system with Agents for Damage Assessment, Logistics, and Communications, optimizing the response plan.","LangGraph, Custom Simulation Environment, External API Tools (Emergency Services).",Graph Logic → Real-time Data Fusion → Dynamic Plan Generation → Integration into Emergency Command System.,USGS Earthquake Data or NOAA Flood Data (Real-time/Historical data).
Environmental,89,LLM Fine-Tuning for Research Extraction,Advanced,"Accurately extracting key data points (e.g., CO2​ concentration, temperature anomaly) from scientific climate papers for meta-analysis.","Fine-tune an LLM for structured information extraction, trained on a corpus of climate science literature.","Hugging Face PEFT/LoRA, Custom Scientific Dataset.",Data Curation → Fine-Tuning → Structured Output Validation → Integration into Climate Database.,PubMed Central Open Access Subset (filtering for climate science papers).
Environmental,90,MLOps for Global Weather Model,Advanced,"Managing the deployment and continuous running of a complex, large-scale deep learning model used for global climate forecasting.","Full MLOps Pipeline for continuous deployment of a model that consumes massive, global data streams.","Kubeflow/Airflow, DVC, HPC Cluster Integration (Slurm/MPI), High-Volume Data Monitoring.",CI/CD → Automated CT (Global Data) → HPC Deployment → Performance/Drift Monitoring → Public API Access.,ERA5 Reanalysis Data (from ECMWF) or GRIB/NetCDF weather models.
General ML/LLM,91,Iris Flower Classification,Easy,"The ""Hello World"" of ML; classifying flower species based on measurements.",Simple classification using K-Nearest Neighbors (KNN) or SVM on the Iris dataset.,"Scikit-learn, Pandas.",Data Loading → Model Training → Basic Model Serialization (Pickle).,"UCI Machine Learning Repository: ""Iris Dataset"" (built-in to Scikit-learn)."
General ML/LLM,92,House Price Prediction,Easy,"Forecasting property prices based on features like size, location, and number of rooms.","Regression model (Linear Regression, Ridge/Lasso) on a public housing dataset (e.g., Boston/King County).","Scikit-learn, Pandas.",Data Cleaning → Feature Scaling → Model Training → Simple Prediction Function.,"Kaggle: ""House Prices - Advanced Regression Techniques"" or Boston Housing Dataset (legacy)."
General ML/LLM,93,Text Summarization (Extractive),Easy,Creating a concise summary by selecting the most important sentences from a document.,NLP using TextRank (Graph-based ranking) or simple feature-based methods.,"Gensim, NLTK.",Text Preprocessing → Sentence Scoring → Output Summary.,"News Articles/Document Corpus (e.g., any large collection of text)."
General ML/LLM,94,Custom NER for Legal Docs,Moderate,"Extracting domain-specific entities (e.g., ""Plaintiff,"" ""Contract Date"") from legal contracts.",Fine-tune a pre-trained transformer model (BERT/RoBERTa) for custom entity types.,"Hugging Face Transformers, Custom Annotated Dataset.",Data Annotation → Fine-Tuning → Inference API Deployment.,LexGLUE or Contract Understanding Datasets (for research) or Curated Legal Clauses.
General ML/LLM,95,Graph RAG for Knowledge Graphs,Moderate,Augmenting RAG by integrating a structured knowledge graph to improve reasoning and factual accuracy.,Graph RAG combining vector search with graph traversal logic (Neo4j/AuraDB) to ground LLM responses.,"LangChain/LlamaIndex, Neo4j, LLM, VectorDB.",Data Ingestion → KG Creation → Retrieval (Vector + Graph) → Deployment.,Wikipedia Articles (to create a custom KG) or ConceptNet.
General ML/LLM,96,Reinforcement Learning (Atari),Moderate,"Training an agent to play a simple game (e.g., Pong, CartPole) using the Q-learning algorithm.",Implementation of a basic Deep Q-Network (DQN) for a simple OpenAI Gym environment.,"Python, OpenAI Gym, Keras/PyTorch.",Environment Setup → DQN Implementation → Training Loop → Policy Visualization.,"OpenAI Gym Environments (e.g., CartPole-v1, Pong-v0)."
General ML/LLM,97,Multi-Modal RAG (Image + Text),Advanced,RAG system that answers questions by referencing both text documents and corresponding images/diagrams.,"Multimodal RAG using a multi-modal embedding model (e.g., CLIP) and an LLM capable of image understanding.","LlamaIndex, CLIP, LLM (GPT-4o/Gemini 1.5 Pro), Custom Image/Text Dataset.",Data Chunking/Embedding (Text + Image) → Retrieval → Multimodal Generation → Deployment.,Conceptual Captions Dataset or COCO Dataset (image-caption pairs).
General ML/LLM,98,LLM Fine-Tuning for Function Calling,Advanced,Fine-tuning an open-source LLM to reliably output structured function calls (JSON) based on user intent.,"Fine-tune an LLM specifically for the Tool Use/Function Calling task using custom, structured datasets.","Hugging Face PEFT/LoRA, Custom Function Calling Dataset, Pydantic/JSON Schema.",Data Curation → Fine-Tuning → Reliability Testing (JSON Output) → Integration into Agent Framework.,"Tool/Function Calling Datasets (e.g., from Hugging Face or generated synthetic data)."
General ML/LLM,99,Full MLOps Pipeline with DVC/MLflow,Advanced,"Building a comprehensive, version-controlled pipeline for an ML project (e.g., classification) using best-of-breed MLOps tools.","End-to-end pipeline covering data versioning (DVC), experiment tracking (MLflow), and orchestration (Kubeflow/Airflow).","DVC, MLflow, Airflow/Kubeflow, Docker.",DVC Setup → Airflow DAG Creation → CI/CD Integration → Model Registry Update → Automated Deployment.,"Any Tabular Classification/Regression Dataset (e.g., Titanic, or Iris)."
General ML/LLM,100,Multi-Agent Simulation for Social Science,Advanced,"Creating a simulation (e.g., market dynamics, voting behavior) where LLM Agents interact to model complex human behavior.",LangGraph/AutoGen system where Agents are given distinct personalities/goals and interact in a simulated environment.,"LangGraph/AutoGen, LLM (with temperature/persona control), Custom Simulation Environment.",Agent Persona Design → Simulation Loop Implementation → Behavioral Metrics Logging → Visualization of Emergent Behavior.,"Simulated Environment/Context (e.g., rules of a market, social norms)."